{
  "KETCHIKAN, AK": [
    55.3430696,
    -131.6466819
  ],
  "SITKA, AK": [
    57.0524973,
    -135.337612
  ],
  "JUNEAU, AK": [
    58.3019613,
    -134.4196751
  ],
  "KODIAK ISLAND, AK": [
    57.5433765,
    -153.3574124
  ],
  "ANCHORAGE, AK": [
    61.2163129,
    -149.894852
  ],
  "FAIRBANKS, AK": [
    64.837845,
    -147.716675
  ],
  "FORT RUCKER, AL": [
    31.3499557,
    -85.7140361
  ],
  "HUNTSVILLE, AL": [
    34.729847,
    -86.5859011
  ],
  "MOBILE, AL": [
    30.6913462,
    -88.0437509
  ],
  "MONTGOMERY, AL": [
    32.3777111,
    -86.3090775
  ],
  "AUBURN, AL": [
    32.6098566,
    -85.4807825
  ],
  "BIRMINGHAM, AL": [
    33.5206824,
    -86.8024326
  ],
  "LITTLE ROCK, AR": [
    34.7465071,
    -92.2896267
  ],
  "FORT CHAFFEE/FORT SMITH, AR": [
    35.3103285,
    -94.313153
  ],
  "FAYETTEVILLE, AR": [
    36.0625843,
    -94.1574328
  ],
  "PHOENIX, AZ": [
    33.4484367,
    -112.074141
  ],
  "FORT HUACHUCA, AZ": [
    31.5278675,
    -110.3614513
  ],
  "DAVIS-MONTHAN AFB, AZ": [
    32.1573591,
    -110.8149647
  ],
  "YUMA, AZ": [
    32.7254216,
    -114.6198088
  ],
  "OAKLAND, CA": [
    37.8044557,
    -122.271356
  ],
  "SAN FRANCISCO, CA": [
    37.7879363,
    -122.4075201
  ],
  "CHINA LAKE, CA": [
    35.6575911,
    -117.6418667
  ],
  "FRESNO, CA": [
    36.7394421,
    -119.78483
  ],
  "CAMP PENDLETON, CA": [
    33.3069873,
    -117.47376
  ],
  "VENTURA, CA": [
    34.4458248,
    -119.0779359
  ],
  "VANDENBERG SFB, CA": [
    34.7425933,
    -120.5155986
  ],
  "MARIN/SONOMA, CA": [
    38.2421704,
    -122.6302907
  ],
  "BARSTOW/FORT IRWIN, CA": [
    35.2681378,
    -116.6785207
  ],
  "SAN BERNARDINO, CA": [
    34.8253019,
    -116.0833144
  ],
  "BEALE AFB, CA": [
    39.108482,
    -121.3565171
  ],
  "SACRAMENTO, CA": [
    38.5810606,
    -121.493895
  ],
  "STOCKTON, CA": [
    37.9577016,
    -121.290779
  ],
  "LOS ANGELES, CA": [
    34.0536909,
    -118.242766
  ],
  "SAN DIEGO, CA": [
    32.7174202,
    -117.162772
  ],
  "MONTEREY, CA": [
    36.2231079,
    -121.387742
  ],
  "RIVERSIDE, CA": [
    33.9824949,
    -117.374238
  ],
  "HUMBOLDT COUNTY, CA": [
    40.5997415,
    -123.8997734
  ],
  "SANTA CLARA COUNTY, CA": [
    37.2333253,
    -121.6846349
  ],
  "SAN LUIS OBISPO, CA": [
    35.3540209,
    -120.375716
  ],
  "BRIDGEPORT, CA": [
    38.2613605,
    -119.2269816
  ],
  "EL CENTRO, CA": [
    32.792,
    -115.563051
  ],
  "DENVER, CO": [
    39.7392364,
    -104.984862
  ],
  "COLORADO SPRINGS, CO": [
    38.8339578,
    -104.825348
  ],
  "FORT COLLINS, CO": [
    40.5871782,
    -105.0770113
  ],
  "BOULDER, CO": [
    40.0149856,
    -105.270545
  ],
  "NEW LONDON, CT": [
    41.3556187,
    -72.0997804
  ],
  "HARTFORD, CT": [
    41.764582,
    -72.6908547
  ],
  "NEW HAVEN/FAIRFIELD, CT": [
    41.3686211,
    -73.2727103
  ],
  "EGLIN AFB, FL": [
    30.5776961,
    -86.5139603
  ],
  "GAINESVILLE, FL": [
    29.6519684,
    -82.3249846
  ],
  "JACKSONVILLE, FL": [
    30.3262247,
    -81.6579179
  ],
  "PATRICK SFB, FL": [
    28.2712944,
    -80.6060006
  ],
  "MIAMI/FORT LAUDERDALE, FL": [
    26.1058505,
    -80.135526
  ],
  "ORLANDO, FL": [
    28.5421218,
    -81.379045
  ],
  "PANAMA CITY, FL": [
    30.1586518,
    -85.6602936
  ],
  "PENSACOLA, FL": [
    30.421309,
    -87.2169149
  ],
  "TALLAHASSEE, FL": [
    30.4380832,
    -84.2809332
  ],
  "TAMPA, FL": [
    27.9449854,
    -82.4583107
  ],
  "WEST PALM BEACH, FL": [
    26.715364,
    -80.0532942
  ],
  "OCALA, FL": [
    29.1871986,
    -82.1400923
  ],
  "FLORIDA KEYS, FL": [
    24.6736205,
    -81.4981792
  ],
  "VOLUSIA COUNTY, FL": [
    29.0533409,
    -81.1310761
  ],
  "FORT PIERCE, FL": [
    27.4467056,
    -80.3256056
  ],
  "FORT MYERS BEACH, FL": [
    26.4520248,
    -81.948145
  ],
  "ATLANTA, GA": [
    33.7544657,
    -84.3898151
  ],
  "ALBANY, GA": [
    31.5782062,
    -84.1556809
  ],
  "FORT GORDON, AL": [
    33.420972,
    -82.1620645
  ],
  "FORT BENNING, GA": [
    32.3944605,
    -84.8062645
  ],
  "ROBINS AFB, GA": [
    32.6178258,
    -83.5770746
  ],
  "SAVANNAH, GA": [
    32.0790074,
    -81.0921335
  ],
  "DAHLONEGA, GA": [
    34.5328484,
    -83.9845723
  ],
  "FORT STEWART, GA": [
    31.884561,
    -81.6155936
  ],
  "MOODY AFB, GA": [
    30.969671,
    -83.1958561
  ],
  "MAUI COUNTY, HI": [
    20.7580586,
    -156.3105232
  ],
  "HONOLULU COUNTY, HI": [
    21.468151,
    -157.960511
  ],
  "HAWAII COUNTY, HI": [
    19.6273325,
    -155.564561
  ],
  "KAUAI COUNTY, HI": [
    22.0557204,
    -159.4945109
  ],
  "DES MOINES, IA": [
    41.5868654,
    -93.6249494
  ],
  "BOISE, ID": [
    43.6166163,
    -116.200886
  ],
  "MOUNTAIN HOME AFB, ID": [
    43.0468336,
    -115.8763941
  ],
  "CHAMPAIGN/URBANA, IL": [
    40.1157948,
    -88.241194
  ],
  "ROCK ISLAND, IL": [
    41.4411786,
    -90.5766144
  ],
  "PEORIA, IL": [
    40.6938609,
    -89.5891008
  ],
  "SCOTT AFB, IL": [
    38.543839,
    -89.8527741
  ],
  "CHICAGO, IL": [
    41.8755616,
    -87.6244212
  ],
  "INDIANAPOLIS, IN": [
    39.7683331,
    -86.1583502
  ],
  "FORT WAYNE, IN": [
    41.0799898,
    -85.1386015
  ],
  "TERRE HAUTE, IN": [
    39.4667025,
    -87.4139119
  ],
  "BLOOMINGTON, IN": [
    39.1670396,
    -86.5342881
  ],
  "FORT RILEY, KS": [
    39.1714753,
    -96.7798588
  ],
  "FORT LEAVENWORTH, KS": [
    39.3603878,
    -94.9253096
  ],
  "TOPEKA, KS": [
    39.049011,
    -95.677556
  ],
  "FORT CAMPBELL, KY": [
    36.6313383,
    -87.6156884
  ],
  "LEXINGTON, KY": [
    38.0464066,
    -84.4970393
  ],
  "LOUISVILLE, KY": [
    38.2542376,
    -85.759407
  ],
  "FORT KNOX, KY": [
    37.8976552,
    -85.9038521
  ],
  "FRANKFORT, KY": [
    38.2009055,
    -84.8732836
  ],
  "PADUCAH, KY": [
    37.0833893,
    -88.6000478
  ],
  "ALEXANDRIA, LA": [
    31.3119463,
    -92.4453558
  ],
  "BATON ROUGE, LA": [
    30.4494155,
    -91.1869659
  ],
  "FORT POLK, LA": [
    31.0809734,
    -93.1998168
  ],
  "NEW ORLEANS, LA": [
    29.9561422,
    -90.0733934
  ],
  "LAFAYETTE, LA": [
    30.2262187,
    -92.0178202
  ],
  "LAKE CHARLES, LA": [
    30.2305095,
    -93.2169807
  ],
  "MONROE, LA": [
    32.5025471,
    -92.116219
  ],
  "NANTUCKET, MA": [
    41.2844408,
    -70.09842
  ],
  "BOSTON, MA": [
    42.3588336,
    -71.0578303
  ],
  "WORCESTER, MA": [
    42.2625621,
    -71.8018877
  ],
  "FITCHBURG, MA": [
    42.5838984,
    -71.8038268
  ],
  "CAPE COD-PLYMOUTH, MA": [
    41.8101782,
    -70.5489682
  ],
  "ESSEX CO, MA": [
    42.6762973,
    -70.9486776
  ],
  "HAMPDEN COUNTY, MA": [
    42.1285315,
    -72.6063441
  ],
  "MARTHA'S VINEYARD, MA": [
    41.3920455,
    -70.6208138
  ],
  "HANSCOM AFB, MA": [
    42.4583109,
    -71.2779671
  ],
  "ANNAPOLIS, MD": [
    38.9786401,
    -76.492786
  ],
  "BALTIMORE, MD": [
    39.2908816,
    -76.610759
  ],
  "FORT DETRICK, MD": [
    39.4357851,
    -77.4508163
  ],
  "FORT G. G. MEADE, MD": [
    39.1022704,
    -76.7462558
  ],
  "PATUXENT RIVER, MD": [
    38.7916674,
    -76.705225
  ],
  "EASTERN SHORE, MD": [
    39.6065071,
    -76.0674027
  ],
  "OXFORD, MD": [
    38.6865072,
    -76.1716108
  ],
  "BRUNSWICK, ME": [
    43.9166529,
    -69.9659438
  ],
  "PORTLAND, ME": [
    43.6573605,
    -70.2586618
  ],
  "COASTAL MAINE, ME": [
    44.6111499,
    -67.3012319
  ],
  "BANGOR, ME": [
    44.8016255,
    -68.7713289
  ],
  "DETROIT, MI": [
    42.3315509,
    -83.0466403
  ],
  "MARQUETTE, MI": [
    46.4481521,
    -87.6305899
  ],
  "SAULT STE MARIE, MI": [
    46.4976734,
    -84.3476583
  ],
  "TRAVERSE CITY, MI": [
    44.7606481,
    -85.6165976
  ],
  "GRAND HAVEN, MI": [
    43.0630734,
    -86.2283864
  ],
  "BATTLE CREEK/KALAMAZOO, MI": [
    42.2307865,
    -85.5510419
  ],
  "LANSING, MI": [
    42.7338254,
    -84.5546295
  ],
  "GRAND RAPIDS, MI": [
    42.9632425,
    -85.6678639
  ],
  "ANN ARBOR, MI": [
    42.2813722,
    -83.7484616
  ],